Slice,Mean_raw,bleach_fit,Mean_corrected
1,0.137171,0.152144,0.137171
2,0.142714,0.151503,0.143318
3,0.143917,0.150874,0.145129
4,0.144707,0.150256,0.146525
5,0.145544,0.149649,0.14797
6,0.146324,0.149053,0.149358
7,0.147427,0.148468,0.151077
8,0.146303,0.147893,0.150508
9,0.145267,0.147328,0.150016
10,0.146258,0.146772,0.151611
11,0.147414,0.146226,0.15338
12,0.147717,0.14569,0.154261
13,0.148813,0.145162,0.155971
14,0.151723,0.144643,0.159591
15,0.149222,0.144132,0.157517
16,0.147957,0.14363,0.156728
17,0.146951,0.143136,0.156199
18,0.145113,0.142649,0.154772
19,0.145908,0.14217,0.156144
20,0.143822,0.141699,0.154423
21,0.144932,0.141235,0.156126
22,0.146109,0.140778,0.157905
23,0.145863,0.140328,0.158145
24,0.146572,0.139884,0.159418
25,0.144977,0.139447,0.158177
26,0.146421,0.139017,0.160247
27,0.144712,0.138592,0.158862
28,0.144468,0.138174,0.159075
29,0.146284,0.137761,0.161557
30,0.146169,0.137354,0.161908
31,0.142577,0.136953,0.158392
32,0.14192,0.136557,0.158119
33,0.139402,0.136166,0.155759
34,0.140213,0.135781,0.15711
35,0.13888,0.1354,0.156054
36,0.136766,0.135025,0.154106
37,0.135375,0.134654,0.152959
38,0.134439,0.134287,0.152316
39,0.133855,0.133926,0.152064
40,0.131634,0.133568,0.14994
41,0.129822,0.133215,0.148268
42,0.127018,0.132867,0.145447
43,0.124009,0.132522,0.142371
44,0.12302,0.132181,0.141599
45,0.121778,0.131844,0.140528
46,0.120595,0.131511,0.139516
47,0.119002,0.131181,0.138018
48,0.117666,0.130855,0.136809
49,0.117827,0.130533,0.137334
50,0.116492,0.130214,0.136111
51,0.115478,0.129898,0.135254
52,0.114476,0.129586,0.134404
53,0.113623,0.129276,0.133722
54,0.113632,0.12897,0.13405
55,0.113702,0.128667,0.134448
56,0.112636,0.128367,0.133499
57,0.111888,0.128069,0.132921
58,0.111261,0.127775,0.132481
59,0.114245,0.127483,0.136345
60,0.116831,0.127194,0.139749
61,0.118075,0.126907,0.141556
62,0.121075,0.126623,0.145478
63,0.122857,0.126341,0.147948
64,0.121718,0.126062,0.146901
65,0.123453,0.125785,0.149323
66,0.123791,0.125511,0.150059
67,0.123785,0.125238,0.150378
68,0.126414,0.124968,0.153904
69,0.130074,0.1247,0.158701
70,0.127183,0.124434,0.155505
71,0.127099,0.12417,0.155732
72,0.128336,0.123908,0.15758
73,0.126754,0.123648,0.155965
74,0.129304,0.12339,0.159435
75,0.127133,0.123134,0.157085
76,0.127412,0.12288,0.157755
77,0.12885,0.122627,0.159864
78,0.130589,0.122376,0.162354
79,0.132242,0.122127,0.164745
80,0.130913,0.12188,0.16342
81,0.128927,0.121634,0.161266
82,0.131513,0.12139,0.164832
83,0.1277,0.121147,0.160374
84,0.127497,0.120906,0.160438
85,0.127997,0.120666,0.161387
86,0.127618,0.120428,0.161228
87,0.130697,0.120191,0.165443
88,0.128793,0.119955,0.163353
89,0.127764,0.119721,0.162365
90,0.125493,0.119488,0.15979
91,0.124759,0.119257,0.159163
92,0.124522,0.119027,0.159168
93,0.123044,0.118798,0.157582
94,0.12158,0.11857,0.156006
95,0.120633,0.118343,0.155087
96,0.120071,0.118118,0.154659
97,0.118831,0.117894,0.153353
98,0.117291,0.117671,0.151653
99,0.114511,0.117449,0.148338
100,0.113259,0.117228,0.146993
101,0.111859,0.117008,0.145449
102,0.110577,0.116789,0.144051
103,0.109981,0.116571,0.143543
104,0.10889,0.116354,0.142383
105,0.107761,0.116139,0.141169
106,0.106327,0.115924,0.139549
107,0.104802,0.11571,0.137801
108,0.103995,0.115497,0.136993
109,0.102941,0.115285,0.135854
110,0.102433,0.115074,0.135431
111,0.10178,0.114863,0.134814
112,0.102,0.114654,0.135353
113,0.102027,0.114445,0.135635
114,0.101768,0.114237,0.135537
115,0.102438,0.11403,0.136677
116,0.102806,0.113824,0.137416
117,0.102163,0.113619,0.136804
118,0.102168,0.113414,0.137057
119,0.101621,0.11321,0.136569
120,0.101879,0.113007,0.137162
121,0.103181,0.112805,0.139164
122,0.105375,0.112603,0.142378
123,0.107941,0.112402,0.146105
124,0.110827,0.112202,0.150279
125,0.113672,0.112002,0.154412
126,0.11344,0.111803,0.154371
127,0.114014,0.111605,0.155428
128,0.116242,0.111408,0.158746
129,0.115278,0.111211,0.157708
130,0.115992,0.111014,0.158966
131,0.115733,0.110819,0.158891
132,0.116331,0.110624,0.159993
133,0.116999,0.110429,0.161195
134,0.117305,0.110236,0.161901
135,0.117556,0.110042,0.162532
136,0.116496,0.10985,0.161349
137,0.115476,0.109658,0.160217
138,0.114554,0.109466,0.159216
139,0.11311,0.109275,0.157483
140,0.112698,0.109085,0.157184
141,0.111863,0.108895,0.156291
142,0.111087,0.108705,0.155477
143,0.109077,0.108517,0.15293
144,0.107814,0.108328,0.151422
145,0.10687,0.108141,0.150356
146,0.105817,0.107953,0.149133
147,0.105257,0.107767,0.148601
148,0.105578,0.10758,0.149312
149,0.103881,0.107395,0.147166
150,0.102663,0.107209,0.145692
151,0.100984,0.107024,0.143557
152,0.10057,0.10684,0.143215
153,0.100793,0.106656,0.14378
154,0.100312,0.106473,0.14334
155,0.100283,0.10629,0.143545
156,0.09953,0.106107,0.142713
157,0.09819,0.105925,0.141033
158,0.097818,0.105744,0.14074
159,0.096396,0.105563,0.138932
160,0.09551,0.105382,0.137891
161,0.095715,0.105202,0.138424
162,0.096706,0.105022,0.140097
163,0.097836,0.104842,0.141976
164,0.099708,0.104663,0.14494
165,0.101522,0.104485,0.14783
166,0.101294,0.104307,0.14775
167,0.102346,0.104129,0.149539
168,0.103835,0.103952,0.151973
169,0.104917,0.103775,0.153819
170,0.107146,0.103598,0.157355
171,0.106726,0.103422,0.157005
172,0.108126,0.103246,0.159335
173,0.110459,0.103071,0.16305
174,0.114845,0.102895,0.169813
175,0.11521,0.102721,0.170642
176,0.11609,0.102547,0.172238
177,0.116871,0.102373,0.173691
178,0.114141,0.102199,0.169922
179,0.114168,0.102026,0.17025
180,0.112697,0.101853,0.168342
181,0.113659,0.101681,0.170067
182,0.112625,0.101509,0.168805
183,0.110132,0.101337,0.165349
184,0.108045,0.101166,0.16249
185,0.108597,0.100995,0.163597
186,0.110552,0.100824,0.166824
187,0.112779,0.100654,0.170472
188,0.113611,0.100484,0.17202
189,0.111251,0.100314,0.168732
190,0.111538,0.100145,0.169453
191,0.113202,0.099976,0.172272
192,0.114399,0.099807,0.174388
193,0.112675,0.099639,0.17205
194,0.110511,0.099471,0.16903
195,0.11069,0.099303,0.16959
196,0.109952,0.099136,0.168743
197,0.108709,0.098969,0.167117
198,0.107548,0.098802,0.165611
199,0.106353,0.098636,0.164047
200,0.10668,0.09847,0.164829
201,0.105498,0.098304,0.163277
202,0.104225,0.098139,0.161579
203,0.103443,0.097974,0.160637
204,0.100936,0.097809,0.157008
205,0.100061,0.097645,0.155909
206,0.097636,0.097481,0.152386
207,0.096217,0.097317,0.150424
208,0.095293,0.097153,0.149231
209,0.093374,0.09699,0.146471
210,0.091076,0.096827,0.143107
211,0.090375,0.096665,0.142244
212,0.089734,0.096502,0.141473
213,0.090707,0.09634,0.143247
214,0.090967,0.096179,0.143899
215,0.090629,0.096017,0.143606
216,0.090088,0.095856,0.142988
217,0.089206,0.095696,0.141826
218,0.089052,0.095535,0.141819
219,0.08913,0.095375,0.142182
220,0.088987,0.095215,0.142192
221,0.088436,0.095055,0.141549
222,0.087238,0.094896,0.139866
223,0.087205,0.094737,0.140048
224,0.085888,0.094578,0.138164
225,0.085144,0.09442,0.137197
226,0.08475,0.094262,0.136792
227,0.083957,0.094104,0.135739
228,0.083413,0.093946,0.135086
229,0.083417,0.093789,0.135319
230,0.083187,0.093632,0.135172
231,0.082178,0.093475,0.133756
232,0.082011,0.093318,0.133709
233,0.080937,0.093162,0.132179
234,0.080629,0.093006,0.131897
235,0.080297,0.092851,0.131574
236,0.08066,0.092695,0.13239
237,0.080803,0.09254,0.132847
238,0.082336,0.092385,0.135594
239,0.083263,0.092231,0.137351
240,0.082627,0.092076,0.13653
241,0.082379,0.091922,0.136348
242,0.082936,0.091769,0.1375
243,0.082675,0.091615,0.137297
244,0.082072,0.091462,0.136524
245,0.081742,0.091309,0.136203
246,0.081356,0.091156,0.135787
247,0.080615,0.091004,0.134775
248,0.080456,0.090852,0.134735
249,0.082688,0.0907,0.138704
250,0.081439,0.090548,0.136838
251,0.080959,0.090397,0.136259
252,0.080866,0.090246,0.13633
253,0.080375,0.090095,0.135729
254,0.080069,0.089945,0.135439
255,0.079848,0.089794,0.135291
256,0.079389,0.089644,0.134739
257,0.078662,0.089494,0.133728
258,0.078583,0.089345,0.133818
259,0.077341,0.089196,0.131923
260,0.077686,0.089047,0.132733
261,0.077503,0.088898,0.132642
262,0.076629,0.088749,0.131366
263,0.07635,0.088601,0.131106
264,0.076618,0.088453,0.131787
265,0.079373,0.088305,0.136754
266,0.080512,0.088158,0.138948
267,0.086451,0.088011,0.149448
268,0.088545,0.087864,0.153323
269,0.090149,0.087717,0.156362
270,0.090561,0.087571,0.157339
271,0.090292,0.087424,0.157134
272,0.091307,0.087278,0.159167
273,0.090487,0.087133,0.158001
274,0.08907,0.086987,0.155787
275,0.088723,0.086842,0.155439
276,0.088408,0.086697,0.155147
277,0.088751,0.086552,0.156009
278,0.088787,0.086408,0.156333
279,0.088648,0.086263,0.156349
280,0.088415,0.086119,0.156199
281,0.088277,0.085976,0.156216
282,0.089681,0.085832,0.158966
283,0.091089,0.085689,0.161732
284,0.092224,0.085546,0.164021
285,0.091569,0.085403,0.163128
286,0.09025,0.085261,0.161047
287,0.090835,0.085118,0.162362
288,0.091778,0.084976,0.164322
289,0.093544,0.084834,0.167764
290,0.095078,0.084693,0.1708
291,0.095135,0.084552,0.171188
292,0.095731,0.08441,0.172548
293,0.096558,0.08427,0.17433
294,0.098521,0.084129,0.178171
295,0.099959,0.083989,0.181074
296,0.100124,0.083848,0.181676
297,0.10046,0.083709,0.18259
298,0.100027,0.083569,0.182107
299,0.100614,0.083429,0.183482
300,0.09897,0.08329,0.180786
301,0.100439,0.083151,0.183776
302,0.099915,0.083013,0.183122
303,0.099132,0.082874,0.181991
304,0.098425,0.082736,0.180995
305,0.097288,0.082598,0.179203
306,0.09641,0.08246,0.177883
307,0.094566,0.082322,0.174772
308,0.092684,0.082185,0.17158
309,0.092215,0.082048,0.170997
310,0.091374,0.081911,0.169721
311,0.090324,0.081774,0.168051
312,0.089595,0.081638,0.166973
313,0.088118,0.081502,0.164495
314,0.087269,0.081366,0.163182
315,0.086872,0.08123,0.162711
316,0.085285,0.081095,0.160006
317,0.084122,0.080959,0.158087
318,0.082673,0.080824,0.155624
319,0.081734,0.080689,0.154113
320,0.081072,0.080555,0.153121
321,0.080518,0.080421,0.152328
322,0.080228,0.080286,0.152033
323,0.079335,0.080152,0.150592
324,0.079184,0.080019,0.150557
325,0.079003,0.079885,0.150464
326,0.077736,0.079752,0.148298
327,0.076983,0.079619,0.147107
328,0.076334,0.079486,0.14611
329,0.075541,0.079354,0.144834
330,0.074757,0.079221,0.14357
331,0.075507,0.079089,0.145253
332,0.076838,0.078957,0.14806
333,0.076179,0.078826,0.147036
334,0.077047,0.078694,0.148959
335,0.081589,0.078563,0.158004
336,0.084858,0.078432,0.164609
337,0.08667,0.078301,0.168405
338,0.085966,0.07817,0.167316
339,0.08585,0.07804,0.16737
340,0.088599,0.07791,0.173018
341,0.088904,0.07778,0.173903
342,0.090463,0.07765,0.177248
343,0.089053,0.077521,0.174777
344,0.091181,0.077391,0.179253
345,0.092098,0.077262,0.181358
346,0.089815,0.077134,0.177158
347,0.092659,0.077005,0.183073
348,0.092382,0.076877,0.18283
349,0.092752,0.076748,0.183869
350,0.092264,0.07662,0.183207
351,0.091495,0.076493,0.181984
352,0.090202,0.076365,0.179712
353,0.091642,0.076238,0.182886
354,0.090978,0.07611,0.181864
355,0.089729,0.075984,0.179667
356,0.091279,0.075857,0.183076
357,0.092105,0.07573,0.185041
358,0.094285,0.075604,0.189737
359,0.092403,0.075478,0.18626
360,0.090522,0.075352,0.182773
361,0.089982,0.075226,0.181987
362,0.088864,0.075101,0.180026
363,0.088364,0.074976,0.179312
364,0.087011,0.074851,0.176861
365,0.086478,0.074726,0.176071
366,0.085755,0.074601,0.174891
367,0.084868,0.074477,0.173371
368,0.084405,0.074353,0.172713
369,0.084523,0.074229,0.173244
370,0.083718,0.074105,0.17188
371,0.081978,0.073981,0.168589
372,0.081013,0.073858,0.166883
373,0.079826,0.073735,0.164712
374,0.07816,0.073612,0.161544
375,0.076413,0.073489,0.158197
376,0.075421,0.073367,0.156404
377,0.074409,0.073244,0.154563
378,0.073629,0.073122,0.153199
379,0.072987,0.073,0.152116
380,0.072204,0.072878,0.150736
381,0.071812,0.072757,0.150168
382,0.0714,0.072636,0.149556
383,0.070157,0.072515,0.147198
384,0.06991,0.072394,0.146924
385,0.069249,0.072273,0.145778
386,0.068647,0.072152,0.144752
387,0.067766,0.072032,0.143133
388,0.067528,0.071912,0.142869
389,0.067277,0.071792,0.142576
390,0.067765,0.071672,0.14385
391,0.067688,0.071553,0.143926
392,0.066172,0.071433,0.140938
393,0.066867,0.071314,0.142656
394,0.06555,0.071195,0.14008
395,0.06534,0.071077,0.139864
396,0.064749,0.070958,0.13883
397,0.064147,0.07084,0.137769
398,0.064471,0.070722,0.138697
399,0.064361,0.070604,0.138691
400,0.064346,0.070486,0.13889
401,0.064909,0.070369,0.14034
402,0.064407,0.070251,0.139487
403,0.064129,0.070134,0.139117
404,0.063702,0.070017,0.138421
405,0.063873,0.0699,0.139025
406,0.067082,0.069784,0.146253
407,0.068945,0.069668,0.150566
408,0.070522,0.069551,0.154267
409,0.072824,0.069435,0.159569
410,0.07266,0.06932,0.159475
411,0.07205,0.069204,0.158401
412,0.07565,0.069089,0.166593
413,0.076194,0.068973,0.168071
414,0.077657,0.068858,0.171585
415,0.078606,0.068744,0.173971
416,0.07739,0.068629,0.171566
417,0.078603,0.068515,0.174546
418,0.080779,0.0684,0.179678
419,0.079695,0.068286,0.177563
420,0.080428,0.068172,0.179495
421,0.079854,0.068059,0.178512
422,0.079545,0.067945,0.178118
423,0.080597,0.067832,0.180775
424,0.079735,0.067719,0.179141
425,0.079388,0.067606,0.178659
426,0.081274,0.067493,0.183209
427,0.081553,0.067381,0.184145
428,0.080635,0.067268,0.182376
429,0.07866,0.067156,0.178206
430,0.077229,0.067044,0.175256
431,0.076304,0.066932,0.173447
432,0.075594,0.066821,0.17212
433,0.074446,0.066709,0.169789
434,0.073888,0.066598,0.168798
435,0.073124,0.066487,0.167331
436,0.071298,0.066376,0.163425
437,0.069211,0.066266,0.158907
438,0.068878,0.066155,0.158406
439,0.067698,0.066045,0.155952
440,0.066503,0.065935,0.153455
441,0.065827,0.065825,0.152149
442,0.06524,0.065715,0.151044
443,0.064407,0.065605,0.149365
444,0.063782,0.065496,0.148162
445,0.063224,0.065387,0.147112
446,0.063214,0.065278,0.147334
447,0.06289,0.065169,0.146824
448,0.062285,0.06506,0.145654
449,0.061621,0.064952,0.144342
450,0.061987,0.064843,0.145442
451,0.061774,0.064735,0.145184
452,0.061743,0.064627,0.145354
453,0.061002,0.06452,0.143849
454,0.060673,0.064412,0.143312
455,0.060237,0.064305,0.14252
456,0.059784,0.064197,0.141684
457,0.058927,0.06409,0.139887
458,0.059765,0.063984,0.142113
459,0.060615,0.063877,0.144375
460,0.060302,0.06377,0.143869
461,0.060211,0.063664,0.143892
462,0.060065,0.063558,0.143783
463,0.059068,0.063452,0.141632
464,0.058967,0.063346,0.141626
465,0.058756,0.06324,0.141355
466,0.057905,0.063135,0.139541
467,0.058049,0.06303,0.140121
468,0.057861,0.062925,0.139901
469,0.058485,0.06282,0.141646
470,0.058845,0.062715,0.142755
471,0.057434,0.06261,0.139565
472,0.057939,0.062506,0.141027
473,0.058333,0.062402,0.142224
474,0.058129,0.062298,0.141963
475,0.057805,0.062194,0.141407
476,0.057395,0.06209,0.140639
477,0.056762,0.061987,0.13932
478,0.056793,0.061883,0.139629
479,0.056865,0.06178,0.14004
480,0.05699,0.061677,0.140582
481,0.055903,0.061574,0.138131
482,0.055801,0.061472,0.138109
483,0.055199,0.061369,0.136847
484,0.05457,0.061267,0.135514
485,0.054276,0.061165,0.135009
486,0.053959,0.061063,0.134444
487,0.053544,0.060961,0.133633
488,0.05351,0.060859,0.133771
489,0.05399,0.060758,0.135197
490,0.054687,0.060656,0.137171
491,0.054242,0.060555,0.136282
492,0.05433,0.060454,0.136731
493,0.054487,0.060353,0.137355
494,0.053979,0.060253,0.136302
495,0.053822,0.060152,0.136132
496,0.053707,0.060052,0.136068
497,0.053383,0.059952,0.135473
498,0.053353,0.059852,0.135623
499,0.053141,0.059752,0.13531
500,0.053009,0.059653,0.135199
501,0.052723,0.059553,0.134695
502,0.053681,0.059454,0.137371
503,0.053321,0.059355,0.136678
504,0.052961,0.059256,0.135982
505,0.053324,0.059157,0.137142
506,0.051967,0.059058,0.133876
507,0.05238,0.05896,0.135165
508,0.051989,0.058861,0.13438
509,0.053168,0.058763,0.137657
510,0.052925,0.058665,0.137257
511,0.052565,0.058568,0.136551
512,0.051849,0.05847,0.134916
513,0.051935,0.058372,0.135365
514,0.051425,0.058275,0.13426
515,0.05077,0.058178,0.132771
516,0.0509,0.058081,0.133333
517,0.05043,0.057984,0.132323
518,0.050847,0.057887,0.13364
519,0.050288,0.057791,0.132391
520,0.049769,0.057695,0.131244
521,0.049462,0.057598,0.130652
522,0.049297,0.057502,0.130434
523,0.051036,0.057406,0.13526
524,0.052123,0.057311,0.138372
525,0.055093,0.057215,0.146501
526,0.055846,0.05712,0.148751
527,0.055558,0.057024,0.148231
528,0.055093,0.056929,0.147236
529,0.055306,0.056834,0.148052
530,0.054416,0.05674,0.145913
531,0.053038,0.056645,0.142455
532,0.05342,0.056551,0.143721
533,0.052532,0.056456,0.141568
534,0.051851,0.056362,0.139966
535,0.051228,0.056268,0.138516
536,0.051248,0.056174,0.138801
537,0.051918,0.056081,0.140851
538,0.052699,0.055987,0.143208
539,0.051792,0.055894,0.140978
540,0.050709,0.055801,0.138261
541,0.049941,0.055708,0.136394
542,0.048665,0.055615,0.133132
543,0.049198,0.055522,0.134814
544,0.049424,0.055429,0.13566
545,0.049332,0.055337,0.135634
546,0.04945,0.055245,0.136185
547,0.04975,0.055153,0.13724
548,0.051397,0.055061,0.14202
549,0.052417,0.054969,0.145081
550,0.05325,0.054877,0.147632
551,0.053068,0.054786,0.147374
552,0.053603,0.054694,0.149108
553,0.053344,0.054603,0.148635
554,0.0527,0.054512,0.147086
555,0.052652,0.054421,0.147198
556,0.052174,0.054331,0.146105
557,0.051221,0.05424,0.143676
558,0.051192,0.05415,0.143834
559,0.050988,0.054059,0.1435
560,0.05061,0.053969,0.142674
561,0.050816,0.053879,0.143494
562,0.050825,0.053789,0.143759
563,0.050243,0.0537,0.142351
564,0.049725,0.05361,0.141118
565,0.048946,0.053521,0.139139
566,0.049345,0.053431,0.140508
567,0.05001,0.053342,0.142639
568,0.049411,0.053253,0.141166
569,0.049117,0.053165,0.140561
570,0.048572,0.053076,0.139233
571,0.048634,0.052987,0.139644
572,0.049393,0.052899,0.14206
573,0.050874,0.052811,0.146564
574,0.051183,0.052723,0.1477
575,0.051327,0.052635,0.148363
576,0.052751,0.052547,0.152734
577,0.053712,0.05246,0.155776
578,0.053432,0.052372,0.155223
579,0.054735,0.052285,0.159274
580,0.057584,0.052198,0.167844
581,0.058014,0.052111,0.16938
582,0.060393,0.052024,0.17662
583,0.06071,0.051937,0.177844
584,0.05996,0.05185,0.17594
585,0.060073,0.051764,0.176566
586,0.060234,0.051678,0.177335
587,0.060599,0.051591,0.178707
588,0.061825,0.051505,0.182627
589,0.061484,0.05142,0.181923
590,0.063134,0.051334,0.187118
591,0.064894,0.051248,0.192655
592,0.066262,0.051163,0.197045
593,0.066198,0.051077,0.197183
594,0.065834,0.050992,0.196427
595,0.065837,0.050907,0.196764
596,0.066486,0.050822,0.199035
597,0.066387,0.050738,0.199071
598,0.066046,0.050653,0.198379
599,0.068359,0.050569,0.205669
600,0.068755,0.050484,0.207206
601,0.066953,0.0504,0.202113
602,0.06775,0.050316,0.20486
603,0.067972,0.050232,0.205875
604,0.06722,0.050148,0.203937
605,0.067535,0.050065,0.205235
606,0.068012,0.049981,0.20703
607,0.066614,0.049898,0.203113
608,0.066818,0.049815,0.204075
609,0.065958,0.049732,0.201785
610,0.066435,0.049649,0.203584
611,0.066039,0.049566,0.202708
612,0.066478,0.049483,0.204396
613,0.065436,0.049401,0.201529
614,0.064125,0.049318,0.197821
615,0.062576,0.049236,0.193365
616,0.061753,0.049154,0.19114
617,0.061445,0.049072,0.190505
618,0.060715,0.04899,0.188556
619,0.060409,0.048909,0.187919
620,0.059353,0.048827,0.184942
621,0.058565,0.048746,0.182792
622,0.057964,0.048664,0.181218
623,0.05709,0.048583,0.178784
624,0.0552,0.048502,0.173154
625,0.054286,0.048421,0.170571
626,0.053673,0.048341,0.168926
627,0.054324,0.04826,0.171261
628,0.053879,0.04818,0.170142
629,0.053199,0.048099,0.168275
630,0.052268,0.048019,0.165606
631,0.053987,0.047939,0.171338
632,0.055195,0.047859,0.175465
633,0.055779,0.047779,0.177617
634,0.056387,0.0477,0.179853
635,0.056428,0.04762,0.180285
636,0.056232,0.047541,0.179959
637,0.056235,0.047461,0.180269
638,0.055675,0.047382,0.178772
639,0.055054,0.047303,0.177073
640,0.054892,0.047224,0.176847
641,0.053917,0.047146,0.173996
642,0.053123,0.047067,0.17172
643,0.052221,0.046989,0.169086
644,0.051759,0.04691,0.16787
645,0.050974,0.046832,0.1656
646,0.0512,0.046754,0.166612
647,0.050764,0.046676,0.165469
648,0.050084,0.046598,0.163525
649,0.048816,0.04652,0.159651
650,0.047543,0.046443,0.155748
651,0.047268,0.046365,0.155106
652,0.046478,0.046288,0.152768
653,0.045852,0.046211,0.150962
654,0.045748,0.046134,0.150871
655,0.045538,0.046057,0.150429
656,0.04389,0.04598,0.145228
657,0.044198,0.045904,0.146491
658,0.043732,0.045827,0.145189
659,0.04368,0.045751,0.145258
660,0.043423,0.045674,0.144645
661,0.042587,0.045598,0.142097
662,0.042282,0.045522,0.141315
663,0.042948,0.045446,0.14378
664,0.043059,0.04537,0.144393
665,0.042466,0.045295,0.142642
666,0.041497,0.045219,0.13962
667,0.040884,0.045144,0.137787
668,0.040922,0.045069,0.138146
669,0.04039,0.044993,0.136577
670,0.040909,0.044918,0.138563
671,0.040434,0.044844,0.137183
672,0.041016,0.044769,0.13939
673,0.041972,0.044694,0.142877
674,0.04208,0.04462,0.143484
675,0.041757,0.044545,0.142621
676,0.041633,0.044471,0.142435
677,0.041829,0.044397,0.143344
678,0.041692,0.044323,0.143113
679,0.041948,0.044249,0.144233
680,0.041677,0.044175,0.14354
681,0.043643,0.044101,0.150562
682,0.043321,0.044028,0.149701
683,0.042524,0.043954,0.147192
684,0.042215,0.043881,0.146367
685,0.042123,0.043808,0.146292
686,0.041354,0.043735,0.143861
687,0.041596,0.043662,0.144945
688,0.042029,0.043589,0.146698
689,0.042004,0.043517,0.146856
690,0.041289,0.043444,0.144597
691,0.041012,0.043372,0.143867
692,0.040972,0.043299,0.143966
693,0.040615,0.043227,0.14295
694,0.040375,0.043155,0.142343
695,0.040373,0.043083,0.142574
696,0.039627,0.043011,0.140173
697,0.039398,0.042939,0.139596
698,0.03911,0.042868,0.138807
699,0.038562,0.042796,0.13709
700,0.037881,0.042725,0.134894
701,0.038428,0.042654,0.137071
702,0.038724,0.042583,0.138357
703,0.039057,0.042512,0.13978
704,0.038361,0.042441,0.137518
705,0.03887,0.04237,0.139576
706,0.038648,0.042299,0.13901
707,0.038079,0.042229,0.137193
708,0.038054,0.042158,0.137331
709,0.038313,0.042088,0.138497
710,0.037985,0.042018,0.137541
711,0.037906,0.041948,0.137484
712,0.036985,0.041878,0.134368
713,0.03705,0.041808,0.134828
714,0.036697,0.041738,0.133767
715,0.036465,0.041669,0.133143
716,0.036184,0.041599,0.132338
717,0.036387,0.04153,0.133303
718,0.03663,0.041461,0.134417
719,0.037918,0.041392,0.139376
720,0.038095,0.041323,0.14026
721,0.037876,0.041254,0.139687
722,0.037961,0.041185,0.140234
723,0.038096,0.041116,0.140968
724,0.038188,0.041048,0.141544
725,0.037844,0.040979,0.140504
726,0.037433,0.040911,0.13921
727,0.03732,0.040843,0.139021
728,0.037224,0.040775,0.138895
729,0.036445,0.040707,0.136216
730,0.036566,0.040639,0.136896
731,0.03597,0.040571,0.13489
732,0.035803,0.040503,0.134488
733,0.035344,0.040436,0.132985
734,0.034439,0.040368,0.129797
735,0.03572,0.040301,0.134849
736,0.037918,0.040234,0.143386
737,0.038342,0.040167,0.145232
738,0.039754,0.0401,0.150832
739,0.042187,0.040033,0.16033
740,0.043257,0.039966,0.164671
741,0.044204,0.0399,0.168557
742,0.045537,0.039833,0.17393
743,0.047139,0.039767,0.18035
744,0.048154,0.0397,0.184541
745,0.051458,0.039634,0.197532
746,0.052366,0.039568,0.201353
747,0.053691,0.039502,0.206793
748,0.053838,0.039436,0.207706
749,0.054506,0.03937,0.210634
750,0.05391,0.039305,0.208679
751,0.053703,0.039239,0.208225
752,0.052938,0.039174,0.205601
753,0.05345,0.039109,0.207936
754,0.053984,0.039043,0.210365
755,0.053239,0.038978,0.207808
756,0.054078,0.038913,0.211435
757,0.0521,0.038848,0.204042
758,0.051199,0.038784,0.200848
759,0.053686,0.038719,0.210956
760,0.053636,0.038654,0.211112
761,0.052298,0.03859,0.206189
762,0.053023,0.038526,0.209397
763,0.052993,0.038461,0.209628
764,0.053783,0.038397,0.213108
765,0.052273,0.038333,0.207471
766,0.052836,0.038269,0.210056
767,0.054772,0.038205,0.218116
768,0.056737,0.038142,0.226319
769,0.055669,0.038078,0.222429
770,0.0576,0.038015,0.230529
771,0.057143,0.037951,0.229082
772,0.056255,0.037888,0.225899
773,0.055333,0.037825,0.222567
774,0.054388,0.037762,0.219132
775,0.054136,0.037699,0.218481
776,0.05419,0.037636,0.219064
777,0.051535,0.037573,0.208679
778,0.051648,0.037511,0.209486
779,0.050866,0.037448,0.206659
780,0.050708,0.037386,0.206361
781,0.049979,0.037323,0.203734
782,0.051965,0.037261,0.212183
783,0.050851,0.037199,0.207981
784,0.051998,0.037137,0.213028
785,0.050845,0.037075,0.208652
786,0.051049,0.037013,0.209839
787,0.05056,0.036951,0.208176
788,0.050542,0.03689,0.208449
789,0.049308,0.036828,0.2037
790,0.049832,0.036767,0.206208
791,0.050415,0.036706,0.208969
792,0.048984,0.036644,0.203377
793,0.049266,0.036583,0.204889
794,0.049095,0.036522,0.204519
795,0.049036,0.036461,0.204615
796,0.048153,0.036401,0.201266
797,0.0467,0.03634,0.195519
798,0.046076,0.036279,0.193228
799,0.045718,0.036219,0.192047
800,0.045356,0.036158,0.190845
801,0.044561,0.036098,0.187813
802,0.043615,0.036038,0.184133
803,0.042669,0.035978,0.18044
804,0.041827,0.035918,0.177174
805,0.040963,0.035858,0.173804
806,0.039463,0.035798,0.16772
807,0.038613,0.035738,0.164381
808,0.038498,0.035679,0.164165
809,0.037815,0.035619,0.161522
810,0.037538,0.03556,0.160607
811,0.037872,0.035501,0.162306
812,0.037296,0.035442,0.160105
813,0.036474,0.035382,0.156838
814,0.036413,0.035323,0.156837
815,0.0361,0.035265,0.155748
816,0.035502,0.035206,0.153424
817,0.035582,0.035147,0.154027
818,0.035378,0.035088,0.153399
819,0.034524,0.03503,0.149946
820,0.034553,0.034972,0.150323
821,0.033713,0.034913,0.146914
822,0.03344,0.034855,0.145967
823,0.033511,0.034797,0.146522
824,0.033004,0.034739,0.144546
825,0.033343,0.034681,0.146274
826,0.033005,0.034623,0.145033
827,0.032992,0.034565,0.145218
828,0.032532,0.034508,0.143433
829,0.0313,0.03445,0.138231
830,0.031173,0.034393,0.1379
831,0.030724,0.034335,0.136141
832,0.031548,0.034278,0.140026
833,0.031378,0.034221,0.139504
834,0.03141,0.034164,0.139879
835,0.031312,0.034107,0.139676
836,0.031127,0.03405,0.139083
837,0.031344,0.033993,0.140286
838,0.031284,0.033937,0.140251
839,0.031432,0.03388,0.14115
840,0.031246,0.033824,0.140549
841,0.030764,0.033767,0.138612
842,0.030295,0.033711,0.136727
843,0.030139,0.033655,0.13625
844,0.029255,0.033599,0.132475
845,0.029611,0.033543,0.134311
846,0.029582,0.033487,0.134403
847,0.029168,0.033431,0.132744
848,0.029476,0.033375,0.13437
849,0.028834,0.033319,0.131662
850,0.028843,0.033264,0.131924
851,0.028678,0.033208,0.131388
852,0.028014,0.033153,0.12856
853,0.027796,0.033098,0.127773
854,0.028099,0.033043,0.129381
855,0.027573,0.032987,0.127171
856,0.026414,0.032932,0.122029
857,0.026396,0.032878,0.12215
858,0.025922,0.032823,0.120157
859,0.02603,0.032768,0.120859
860,0.026592,0.032713,0.123674
861,0.02689,0.032659,0.125269
862,0.026624,0.032604,0.124237
863,0.026866,0.03255,0.125576
864,0.025786,0.032496,0.120729
865,0.026368,0.032442,0.12366
866,0.027296,0.032387,0.128226
867,0.028158,0.032333,0.132496
868,0.027652,0.03228,0.130333
869,0.02777,0.032226,0.131108
870,0.027717,0.032172,0.131076
871,0.027978,0.032118,0.132531
872,0.027605,0.032065,0.130983
873,0.027918,0.032011,0.132689
874,0.02726,0.031958,0.129778
875,0.026913,0.031905,0.12834
876,0.02672,0.031851,0.127633
877,0.02623,0.031798,0.125501
878,0.025874,0.031745,0.124005
879,0.025583,0.031692,0.122815
880,0.025981,0.03164,0.124934
881,0.026336,0.031587,0.126852
882,0.026212,0.031534,0.126466
883,0.02571,0.031482,0.124251
884,0.026148,0.031429,0.126579
885,0.027279,0.031377,0.132274
886,0.027426,0.031324,0.133209
887,0.027581,0.031272,0.134186
888,0.026896,0.03122,0.131072
889,0.02699,0.031168,0.13175
890,0.027042,0.031116,0.132224
891,0.027046,0.031064,0.132464
892,0.026907,0.031012,0.132004
893,0.029935,0.030961,0.147104
894,0.030202,0.030909,0.148664
895,0.032133,0.030857,0.158433
896,0.033449,0.030806,0.165197
897,0.034797,0.030755,0.172142
898,0.035431,0.030703,0.175571
899,0.035778,0.030652,0.177586
900,0.037935,0.030601,0.188607
